{
  "project_info": {
    "project_number": "729894519688",
    "firebase_url": "https://organizze-clone-c48d8.firebaseio.com",
    "project_id": "organizze-clone-c48d8",
    "storage_bucket": "organizze-clone-c48d8.appspot.com"
  },
  "client": [
    {
      "client_info": {
        "mobilesdk_app_id": "1:729894519688:android:e09802b213df701e1cf03d",
        "android_client_info": {
          "package_name": "lucasgenovez.lucasgenovez.organizze"
        }
      },
      "oauth_client": [
        {
          "client_id": "729894519688-lt01163vnmg8dnegt7h669v12hnba7d8.apps.googleusercontent.com",
          "client_type": 1,
          "android_info": {
            "package_name": "lucasgenovez.lucasgenovez.organizze",
            "certificate_hash": "74e347d5c7fdefcb0915c3833e8696a75b43d6b3"
          }
        },
        {
          "client_id": "729894519688-dlufoacbsptlkac9099j9i0b3vu012ve.apps.googleusercontent.com",
          "client_type": 3
        }
      ],
      "api_key": [
        {
          "current_key": "AIzaSyB203NAXtAOXtZTM2mZg2_DOTHhUVg7hhc"
        }
      ],
      "services": {
        "appinvite_service": {
          "other_platform_oauth_client": [
            {
              "client_id": "729894519688-dlufoacbsptlkac9099j9i0b3vu012ve.apps.googleusercontent.com",
              "client_type": 3
            }
          ]
        }
      }
    }
  ],
  "configuration_version": "1"
}